position,const,created,modified,description,Title,Title type,Directors,ChrisWalczyk55 rated,IMDb Rating,runtime,Year,Genres,Num. Votes,Release Date (month/day/year),URL1,tt0068646,Thu Dec 20 20:24:54 2012,Sat Jan 10 11:43:00 2015,"Oscars: 3   
Oscar Nominations: 11
BAFTA Awards: 0
BAFTA Nominations: 4
Golden Globes: 6
Golden Globe Nominations: 8",The Godfather,Feature Film,Francis Ford Coppola,,9.2,175,1972,"crime, drama",959423,3/15/72,http://www.imdb.com/title/tt0068646/2,tt0111161,Thu Dec 20 20:25:34 2012,Mon Jun 24 10:03:28 2013,"Oscars: 0
Oscar Nominations: 7
BAFTA Awards: 0
BAFTA Nominations: 0
Golden Globes: 0
Golden Globe Nominations: 2",The Shawshank Redemption,Feature Film,Frank Darabont,,9.3,142,1994,"crime, drama",1394829,9/10/94,http://www.imdb.com/title/tt0111161/3,tt0108052,Thu Dec 20 20:25:02 2012,Wed Apr 24 06:02:34 2013,"Oscars: 7 
Oscar Nominations: 12
BAFTA Awards: 6
BAFTA Nominations: 12
Golden Globes: 3
Golden Globe Nominations: 6",Schindler's List,Feature Film,Steven Spielberg,,8.9,195,1993,"biography, drama, history",706204,11/30/93,http://www.imdb.com/title/tt0108052/4,tt0081398,Thu Dec 20 20:26:22 2012,Fri Dec 21 19:27:01 2012,"Oscars: 2
Oscar Nominations: 8
BAFTA Awards: 2
BAFTA Nominations: 4
Golden Globes: 1
Golden Globe Nominations: 7",Raging Bull,Feature Film,Martin Scorsese,,8.3,129,1980,"biography, drama, sport",197714,11/14/80,http://www.imdb.com/title/tt0081398/5,tt0034583,Fri Dec 21 13:01:22 2012,Sat Feb 16 11:25:18 2013,"Oscars: 3 
Oscar Nominations: 8
BAFTA Awards: N/A
BAFTA Nominations: N/A
Golden Globes: N/A
Golden Globe Nominations: N/A",Casablanca,Feature Film,Michael Curtiz,,8.6,102,1942,"drama, romance, war",332458,11/26/42,http://www.imdb.com/title/tt0034583/6,tt0073486,Thu Dec 20 20:25:59 2012,Thu Aug 29 09:43:21 2013,"*****
Oscars: 5
Oscar Nominations: 9
BAFTA Awards: 6
BAFTA Nominations: 9
Golden Globes: 6
Golden Globe Nominations: 6",One Flew Over the Cuckoo's Nest,Feature Film,Milos Forman,,8.7,133,1975,drama,568158,11/19/75,http://www.imdb.com/title/tt0073486/7,tt0031381,Thu Dec 20 20:29:36 2012,Thu Aug 29 09:43:26 2013,"*****
Oscars: 8
Oscar Nominations: 13
BAFTA Awards: N/A
BAFTA Nominations: N/A
Golden Globes: N/A
Golden Globe Nominations: N/A",Gone with the Wind,Feature Film,Victor Fleming,,8.2,238,1939,"drama, romance, war",181906,12/15/39,http://www.imdb.com/title/tt0031381/8,tt0033467,Thu Dec 20 20:26:48 2012,Sat Feb 16 11:25:25 2013,"Oscars: 1
Oscar Nominations: 9
BAFTA Awards: N/A
BAFTA Nominations: N/A
Golden Globes: N/A
Golden Globe Nominations: N/A",Citizen Kane,Feature Film,Orson Welles,,8.4,119,1941,"drama, mystery",254728,5/1/41,http://www.imdb.com/title/tt0033467/9,tt0032138,Thu Dec 20 20:30:11 2012,Thu Aug 29 16:01:10 2013,"*****
Oscars: 2
Oscar Nominations: 6
BAFTA Awards: N/A
BAFTA Nominations: N/A
Golden Globes: N/A
Golden Globe Nominations: N/A",The Wizard of Oz,Feature Film,Victor Fleming,,8.1,102,1939,"adventure, family, fantasy, musical",241633,8/12/39,http://www.imdb.com/title/tt0032138/10,tt0120338,Thu Dec 20 20:26:16 2012,Wed Jan 23 09:40:39 2013,"Oscars: 11
Oscar Nominations: 14
BAFTA Awards: 0
BAFTA Nominations: 8
Golden Globes: 4
Golden Globe Nominations: 8",Titanic,Feature Film,James Cameron,,7.7,194,1997,"drama, romance",654965,11/1/97,http://www.imdb.com/title/tt0120338/11,tt0056172,Thu Dec 20 20:29:54 2012,Sat Dec 22 09:18:48 2012,"Oscars: 7
Oscar Nominations: 10
BAFTA Awards: 4
BAFTA Nominations: 5
Golden Globes: 4
Golden Globe Nominations: 7",Lawrence of Arabia,Feature Film,David Lean,,8.4,216,1962,"adventure, biography, drama, history, war",160114,12/10/62,http://www.imdb.com/title/tt0056172/12,tt0071562,Thu Dec 20 20:26:39 2012,Fri Dec 21 19:34:06 2012,"Oscars: 6
Oscar Nominations: 11
BAFTA Awards: 1
BAFTA Nominations: 3
Golden Globes: 0
Golden Globe Nominations: 6",The Godfather: Part II,Feature Film,Francis Ford Coppola,,9.1,200,1974,"crime, drama",642369,12/12/74,http://www.imdb.com/title/tt0071562/13,tt0054215,Thu Dec 20 20:32:59 2012,Thu Aug 29 09:44:36 2013,"*****
Oscars: 0
Oscar Nominations: 4
BAFTA Awards: 0
BAFTA Nominations: 0
Golden Globes: 1
Golden Globe Nominations: 1",Psycho,Feature Film,Alfred Hitchcock,,8.6,109,1960,"horror, mystery, thriller",346277,6/16/60,http://www.imdb.com/title/tt0054215/14,tt0043014,Thu Dec 20 20:31:10 2012,Thu Jun 27 16:49:06 2013,"*****

Oscars: 3
Oscar Nominations: 11
BAFTA Awards: 0
BAFTA Nominations: 0
Golden Globes: 4
Golden Globe Nominations: 7",Sunset Blvd.,Feature Film,Billy Wilder,,8.5,110,1950,"drama, film_noir",116219,8/10/50,http://www.imdb.com/title/tt0043014/15,tt0052357,Sat Apr  6 10:10:42 2013,Sat Apr  6 10:18:58 2013,"Oscars: 0
Oscar Nominations: 2
BAFTA Awards: 0
BAFTA Nominations: 0
Golden Globes: 0
Golden Globe Nominations: 0",Vertigo,Feature Film,Alfred Hitchcock,,8.4,128,1958,"mystery, romance, thriller",203815,5/9/58,http://www.imdb.com/title/tt0052357/16,tt0047296,Thu Dec 20 20:30:43 2012,Sat Aug 31 16:37:43 2013,"*****
Oscars: 8
Oscar Nominations: 12
BAFTA Awards: 1
BAFTA Nominations: 3
Golden Globes: 4
Golden Globe Nominations: 4",On the Waterfront,Feature Film,Elia Kazan,,8.3,108,1954,"crime, drama",83940,6/22/54,http://www.imdb.com/title/tt0047296/17,tt0109830,Thu Dec 20 20:26:31 2012,Sat Aug 31 16:37:38 2013,"Oscars: 6
Oscar Nominations: 13
BAFTA Awards: 1
BAFTA Nominations: 7
Golden Globes: 3
Golden Globe Nominations: 7",Forrest Gump,Feature Film,Robert Zemeckis,,8.8,142,1994,"drama, romance",981084,6/23/94,http://www.imdb.com/title/tt0109830/18,tt0059742,Thu Dec 20 20:47:15 2012,Sat Aug 31 16:42:19 2013,"*****
Oscars: 5
Oscar Nominations: 10
BAFTA Awards: 0
BAFTA Nominations: 1
Golden Globes: 2
Golden Globe Nominations: 4",The Sound of Music,Feature Film,Robert Wise,,8,174,1965,"biography, drama, family, musical, romance",124315,3/2/65,http://www.imdb.com/title/tt0059742/19,tt0055614,Thu Dec 20 20:41:48 2012,Thu Jun 27 16:54:56 2013,"*****
Oscars: 10
Oscar Nominations: 11
BAFTA Awards: 0
BAFTA Nominations: 1
Golden Globes: 3
Golden Globe Nominations: 5",West Side Story,Feature Film,"Jerome Robbins, Robert Wise",,7.6,152,1961,"crime, drama, musical, romance, thriller",62229,10/18/61,http://www.imdb.com/title/tt0055614/20,tt0076759,Thu Dec 20 20:32:32 2012,Sat Dec 22 09:29:27 2012,"Oscars: 6
Oscar Nominations: 10
BAFTA Awards: 1
BAFTA Nominations: 5
Golden Globes: 1
Golden Globe Nominations: 4",Star Wars,Feature Film,George Lucas,,8.7,121,1977,"action, adventure, fantasy, sci_fi",720737,5/25/77,http://www.imdb.com/title/tt0076759/21,tt0083866,Thu Dec 20 20:34:38 2012,Sat Sep 14 15:51:46 2013,"*****
Oscars: 4
Oscar Nominations: 9
BAFTA Awards: 1
BAFTA Nominations: 12
Golden Globes: 2
Golden Globe Nominations: 5",E.T. the Extra-Terrestrial,Feature Film,Steven Spielberg,,7.9,115,1982,"adventure, family, sci_fi",243649,5/26/82,http://www.imdb.com/title/tt0083866/22,tt0062622,Thu Dec 20 20:33:57 2012,Sat Dec 22 09:21:49 2012,"Oscars: 1
Oscar Nominations: 4
BAFTA Awards: 3
BAFTA Nominations: 5
Golden Globes: 0
Golden Globe Nominations: 0",2001: A Space Odyssey,Feature Film,Stanley Kubrick,,8.3,160,1968,"mystery, sci_fi",345491,4/2/68,http://www.imdb.com/title/tt0062622/23,tt0102926,Thu Dec 20 20:27:05 2012,Sat Dec 22 09:20:39 2012,"Oscars: 5
Oscar Nominations: 7
BAFTA Awards: 2
BAFTA Nominations: 9
Golden Globes: 1
Golden Globe Nominations: 5",The Silence of the Lambs,Feature Film,Jonathan Demme,,8.6,118,1991,"drama, thriller",703072,1/30/91,http://www.imdb.com/title/tt0102926/24,tt0071315,Thu Dec 20 20:33:16 2012,Sat Dec 22 09:34:56 2012,"Oscars: 1
Oscar Nominations: 11
BAFTA Awards: 3
BAFTA Nominations: 10
Golden Globes: 4
Golden Globe Nominations: 7",Chinatown,Feature Film,Roman Polanski,,8.3,130,1974,"drama, mystery, thriller",181197,6/20/74,http://www.imdb.com/title/tt0071315/25,tt0050212,Thu Dec 20 20:31:50 2012,Sat Dec 22 09:28:00 2012,"Oscars: 7
Oscar Nominations: 8
BAFTA Awards: 4
BAFTA Nominations: 4
Golden Globes: 3
Golden Globe Nominations: 4",The Bridge on the River Kwai,Feature Film,David Lean,,8.3,161,1957,"adventure, drama, war",124665,10/2/57,http://www.imdb.com/title/tt0050212/26,tt0045152,Thu Dec 20 20:31:02 2012,Sat Aug 31 16:44:04 2013,"*****

Oscars: 0
Oscar Nominations: 2
BAFTA Awards: 0
BAFTA Nominations: 1
Golden Globes: 1
Golden Globe Nominations: 2",Singin' in the Rain,Feature Film,"Stanley Donen, Gene Kelly",,8.4,103,1952,"comedy, musical, romance",124323,3/27/52,http://www.imdb.com/title/tt0045152/27,tt0038650,Sat Apr  6 10:10:35 2013,Sat Aug 31 16:39:32 2013,"*****
Oscars: 0
Oscar Nominations: 5
BAFTA Awards: 0
BAFTA Nominations: 0
Golden Globes: 1
Golden Globe Nominations: 1",It's a Wonderful Life,Feature Film,Frank Capra,,8.7,130,1946,"drama, family, fantasy",228044,12/20/46,http://www.imdb.com/title/tt0038650/28,tt0053291,Thu Dec 20 20:32:08 2012,Sat Dec 22 09:32:25 2012,"Oscars: 1
Oscar Nominations: 6
BAFTA Awards: 1
BAFTA Nominations: 2
Golden Globes: 3
Golden Globe Nominations: 3",Some Like It Hot,Feature Film,Billy Wilder,,8.3,120,1959,comedy,147427,3/29/59,http://www.imdb.com/title/tt0053291/29,tt0050083,Sat Apr  6 10:15:19 2013,Mon Jun  2 10:33:06 2014,"*****
Oscars: 0
Oscar Nominations: 3
BAFTA Awards: 1
BAFTA Nominations: 2
Golden Globes: 0
Golden Globe Nominations: 4",12 Angry Men,Feature Film,Sidney Lumet,,8.9,96,1957,drama,353379,4/10/57,http://www.imdb.com/title/tt0050083/30,tt0057012,Thu Dec 20 20:35:33 2012,Sat Dec 22 11:40:36 2012,"Oscars: 0
Oscar Nominations: 4
BAFTA Awards: 3
BAFTA Nominations: 6
Golden Globes: 0
Golden Globe Nominations: 0",Dr. Strangelove or: How I Learned to Stop Worrying and Love the Bomb,Feature Film,Stanley Kubrick,,8.5,95,1964,"comedy, war",293408,1/29/64,http://www.imdb.com/title/tt0057012/31,tt0086879,Thu Dec 20 20:46:22 2012,Thu Oct 31 20:25:37 2013,"*****
Oscars: 8
Oscar Nominations: 11
BAFTA Awards: 4
BAFTA Nominations: 9
Golden Globes: 4
Golden Globe Nominations: 6",Amadeus,Feature Film,Milos Forman,,8.4,160,1984,"biography, drama, music",225497,9/6/84,http://www.imdb.com/title/tt0086879/32,tt0078788,Thu Dec 20 20:37:06 2012,Thu Aug 21 21:04:15 2014,"Oscars: 2
Oscar Nominations: 8
BAFTA Awards: 2
BAFTA Nominations: 8
Golden Globes: 3
Golden Globe Nominations: 4",Apocalypse Now,Feature Film,Francis Coppola,,8.5,153,1979,"drama, war",379681,5/10/79,http://www.imdb.com/title/tt0078788/33,tt0083987,Sun Dec 23 10:43:55 2012,Thu Oct 31 20:25:42 2013,"Oscars: 8
Oscar Nominations: 11
BAFTA Awards: 5
BAFTA Nominations: 16
Golden Globes: 5
Golden Globe Nominations: 5",Gandhi,Feature Film,Richard Attenborough,,8.1,191,1982,"biography, drama, history",141180,11/30/82,http://www.imdb.com/title/tt0083987/34,tt0167260,Thu Dec 20 20:27:46 2012,Sat Dec 22 18:05:13 2012,"Oscars: 11
Oscar Nominations: 11
BAFTA Awards: 4
BAFTA Nominations: 10
Golden Globes: 4
Golden Globe Nominations: 4",The Lord of the Rings: The Return of the King,Feature Film,Peter Jackson,,8.9,201,2003,"adventure, fantasy",997711,12/1/03,http://www.imdb.com/title/tt0167260/35,tt0172495,Thu Dec 20 20:28:29 2012,Thu Aug 21 21:06:17 2014,"*****
Oscars: 5
Oscar Nominations: 12
BAFTA Awards: 4
BAFTA Nominations: 12
Golden Globes: 2
Golden Globe Nominations: 5",Gladiator,Feature Film,Ridley Scott,,8.5,155,2000,"action, drama",793409,5/1/00,http://www.imdb.com/title/tt0172495/36,tt0045793,Thu Dec 20 20:46:04 2012,Sat Dec 22 18:15:40 2012,"Oscars: 8
Oscar Nominations: 13
BAFTA Awards: 0
BAFTA Nominations: 1
Golden Globes: 2
Golden Globe Nominations: 2",From Here to Eternity,Feature Film,Fred Zinnemann,,7.8,118,1953,"drama, romance, war",29890,8/5/53,http://www.imdb.com/title/tt0045793/37,tt0120815,Thu Dec 20 20:28:46 2012,Sat Dec 22 18:02:00 2012,"Oscars: 5
Oscar Nominations: 11
BAFTA Awards: 2
BAFTA Nominations: 8
Golden Globes: 2
Golden Globe Nominations: 5",Saving Private Ryan,Feature Film,Steven Spielberg,,8.6,169,1998,"action, drama, war",710425,7/24/98,http://www.imdb.com/title/tt0120815/38,tt0105695,Thu Dec 20 20:28:04 2012,Sat Dec 22 10:14:32 2012,"Oscars: 4
Oscar Nominations: 9
BAFTA Awards: 1
BAFTA Nominations: 6
Golden Globes: 2
Golden Globe Nominations: 4",Unforgiven,Feature Film,Clint Eastwood,,8.3,131,1992,western,233853,8/3/92,http://www.imdb.com/title/tt0105695/39,tt0082971,Thu Dec 20 20:49:06 2012,Sat Dec 22 18:07:15 2012,"Oscars: 4
Oscar Nominations: 8
BAFTA Awards: 1
BAFTA Nominations: 6
Golden Globes: 0
Golden Globe Nominations: 1",Raiders of the Lost Ark,Feature Film,Steven Spielberg,,8.6,115,1981,"action, adventure",545450,6/12/81,http://www.imdb.com/title/tt0082971/40,tt0075148,Thu Dec 20 20:53:20 2012,Sat Dec 22 18:12:47 2012,"Oscars: 3
Oscar Nominations: 10
BAFTA Awards: 0
BAFTA Nominations: 5
Golden Globes: 1
Golden Globe Nominations: 6",Rocky,Feature Film,John G. Avildsen,,8.1,119,1976,"drama, sport",292220,11/21/76,http://www.imdb.com/title/tt0075148/41,tt0044081,Thu Dec 20 20:43:43 2012,Sat Dec 22 11:46:54 2012,"Oscars: 4
Oscar Nominations: 12
BAFTA Awards: 1
BAFTA Nominations: 2
Golden Globes: 1
Golden Globe Nominations: 3",A Streetcar Named Desire,Feature Film,Elia Kazan,,8.1,122,1951,drama,69063,9/18/51,http://www.imdb.com/title/tt0044081/42,tt0032904,Thu Dec 20 20:45:43 2012,Sat Feb 16 11:26:38 2013,"Oscars: 2
Oscar Nominations: 6
BAFTA Awards: N/A
BAFTA Nominations: N/A
Golden Globes: N/A
Golden Globe Nominations: N/A",The Philadelphia Story,Feature Film,George Cukor,,8.1,112,1940,"comedy, romance",45390,12/23/40,http://www.imdb.com/title/tt0032904/43,tt0056592,Mon Feb  4 16:03:04 2013,Mon Feb  4 16:04:09 2013,"Oscars: 3
Oscar Nominations: 8
BAFTA Awards: 0
BAFTA Nominations: 2
Golden Globes: 3
Golden Globe Nominations: 5",To Kill a Mockingbird,Feature Film,Robert Mulligan,,8.4,129,1962,drama,176529,12/25/62,http://www.imdb.com/title/tt0056592/44,tt0043278,Thu Dec 20 20:51:29 2012,Sun Dec 23 10:25:54 2012,"Oscars: 6
Oscar Nominations: 8
BAFTA Awards: 0
BAFTA Nominations: 1
Golden Globes: 1
Golden Globe Nominations: 3",An American in Paris,Feature Film,Vincente Minnelli,,7.3,113,1951,"musical, romance",18681,8/26/51,http://www.imdb.com/title/tt0043278/45,tt0036868,Thu Dec 20 20:40:25 2012,Sat Dec 22 10:17:23 2012,"Oscars: 7
Oscar Nominations: 8
BAFTA Awards: 1
BAFTA Nominations: 1
Golden Globes: 1
Golden Globe Nominations: 1",The Best Years of Our Lives,Feature Film,William Wyler,,8.2,172,1946,"drama, romance, war",33930,11/21/46,http://www.imdb.com/title/tt0036868/46,tt0058385,Sun Dec 23 16:12:06 2012,Wed Jan 23 09:43:40 2013,"Oscars: 8
Oscar Nominations: 12
BAFTA Awards: 1
BAFTA Nominations: 2
Golden Globes: 3
Golden Globe Nominations: 5",My Fair Lady,Feature Film,George Cukor,,7.9,170,1964,"drama, family, musical, romance",58174,10/21/64,http://www.imdb.com/title/tt0058385/47,tt0052618,Thu Dec 20 20:52:11 2012,Sun Dec 23 10:28:53 2012,"Oscars: 11
Oscar Nominations: 12
BAFTA Awards: 1
BAFTA Nominations: 1
Golden Globes: 3
Golden Globe Nominations: 4",Ben-Hur,Feature Film,William Wyler,,8.1,212,1959,"adventure, drama",132442,11/18/59,http://www.imdb.com/title/tt0052618/48,tt0059113,Thu Dec 20 20:41:16 2012,Sat Dec 22 11:42:10 2012,"Oscars: 5
Oscar Nominations: 10
BAFTA Awards: 0
BAFTA Nominations: 3
Golden Globes: 5
Golden Globe Nominations: 6",Doctor Zhivago,Feature Film,David Lean,,8,197,1965,"drama, romance, war",50133,12/22/65,http://www.imdb.com/title/tt0059113/49,tt0066206,Thu Dec 20 20:57:12 2012,Sat Aug 31 16:46:30 2013,"*****
Oscars: 7
Oscar Nominations: 10
BAFTA Awards: 0
BAFTA Nominations: 2
Golden Globes: 1
Golden Globe Nominations: 3",Patton,Feature Film,Franklin J. Schaffner,,8,172,1970,"biography, drama, war",68664,2/4/70,http://www.imdb.com/title/tt0066206/50,tt0073195,Thu Dec 20 20:44:37 2012,Sat Dec 22 17:43:17 2012,"Oscars: 3
Oscar Nominations: 4
BAFTA Awards: 0
BAFTA Nominations: 6
Golden Globes: 1
Golden Globe Nominations: 4",Jaws,Feature Film,Steven Spielberg,,8.1,124,1975,"drama, thriller",336474,6/20/75,http://www.imdb.com/title/tt0073195/51,tt0112573,Sun Dec 23 11:09:56 2012,Sun Dec 23 11:10:55 2012,"Oscars: 5
Oscar Nominations: 10
BAFTA Awards: 3
BAFTA Nominations: 5
Golden Globes: 1
Golden Globe Nominations: 4",Braveheart,Feature Film,Mel Gibson,,8.4,177,1995,"action, biography, drama, history, war",608992,5/18/95,http://www.imdb.com/title/tt0112573/52,tt0060196,Tue Oct  8 11:07:20 2013,Thu Oct 31 20:29:37 2013,"Oscars: 0
Oscar Nominations: 0
BAFTA Awards: 0
BAFTA Award Nominations: 0
Golden Globes: 0
Golden Globe Nominations: 0","The Good, the Bad and the Ugly",Feature Film,Sergio Leone,,8.9,161,1966,western,418763,12/23/66,http://www.imdb.com/title/tt0060196/53,tt0064115,Thu Dec 20 20:45:22 2012,Sat Aug 31 16:41:25 2013,"*****
Oscars: 4
Oscar Nominations: 7
BAFTA Awards: 8
BAFTA Nominations: 9
Golden Globes: 1
Golden Globe Nominations: 4",Butch Cassidy and the Sundance Kid,Feature Film,George Roy Hill,,8.2,110,1969,"biography, crime, western",126308,9/23/69,http://www.imdb.com/title/tt0064115/54,tt0040897,Thu Dec 20 20:38:16 2012,Sat Dec 22 10:07:37 2012,"Oscars: 3
Oscar Nominations: 4
BAFTA Awards: 0
BAFTA Nominations: 1
Golden Globes: 3
Golden Globe Nominations: 3",The Treasure of the Sierra Madre,Feature Film,John Huston,,8.4,126,1948,"action, adventure, drama, western",66966,1/24/48,http://www.imdb.com/title/tt0040897/55,tt0053604,Thu Dec 20 20:58:21 2012,Sun Dec 23 11:17:49 2012,"Oscars: 5
Oscar Nominations: 10
BAFTA Awards: 3
BAFTA Nominations: 3
Golden Globes: 3
Golden Globe Nominations: 4",The Apartment,Feature Film,Billy Wilder,,8.4,125,1960,"comedy, drama, romance",89797,6/15/60,http://www.imdb.com/title/tt0053604/56,tt0091763,Thu Dec 20 20:55:09 2012,Mon Jun  2 10:36:35 2014,"*****
Oscars: 4
Oscar Nominations: 8
BAFTA Awards: 2
BAFTA Nominations: 3
Golden Globes: 3
Golden Globe Nominations: 4",Platoon,Feature Film,Oliver Stone,,8.1,120,1986,"drama, war",246631,12/19/86,http://www.imdb.com/title/tt0091763/57,tt0044706,Thu Dec 20 20:38:55 2012,Sat Aug 31 16:47:35 2013,"*****
Oscars: 4
Oscar Nominations: 7
BAFTA Awards: 0
BAFTA Nominations: 0
Golden Globes: 4
Golden Globe Nominations: 7",High Noon,Feature Film,Fred Zinnemann,,8.1,85,1952,western,67978,7/7/52,http://www.imdb.com/title/tt0044706/58,tt0099348,Thu Dec 20 20:27:14 2012,Tue Sep 10 17:34:20 2013,"*****
Oscars: 7
Oscar Nominations: 12
BAFTA Awards: 0
BAFTA Nominations: 9
Golden Globes: 3
Golden Globe Nominations: 6",Dances with Wolves,Feature Film,Kevin Costner,,8,181,1990,"adventure, drama, western",161157,10/19/90,http://www.imdb.com/title/tt0099348/59,tt0253474,Thu Dec 20 20:28:37 2012,Mon Jun  2 10:36:38 2014,"*****

Oscars: 3
Oscar Nominations: 7
BAFTA Awards: 1
BAFTA Nominations: 5
Golden Globes: 0
Golden Globe Nominations: 2",The Pianist,Feature Film,Roman Polanski,,8.5,150,2002,"biography, drama, war",397703,5/24/02,http://www.imdb.com/title/tt0253474/60,tt0099685,Thu Dec 20 20:28:11 2012,Sat Aug 31 16:48:26 2013,"*****
Oscars: 1
Oscar Nominations: 6
BAFTA Awards: 5
BAFTA Nominations: 7
Golden Globes: 0
Golden Globe Nominations: 5",Goodfellas,Feature Film,Martin Scorsese,,8.7,146,1990,"biography, crime, drama",600180,9/12/90,http://www.imdb.com/title/tt0099685/61,tt0070047,Fri May  3 21:15:06 2013,Mon Jun  2 10:35:33 2014,"Oscars: 2
Oscar Nominations: 10
BAFTA Awards: 0
BAFTA Nominations: 1
Golden Globes: 4
Golden Globe Nominations: 7",The Exorcist,Feature Film,William Friedkin,,8,122,1973,horror,252233,6/19/73,http://www.imdb.com/title/tt0070047/62,tt0077416,Thu Dec 20 20:54:17 2012,Sun Dec 23 10:35:59 2012,"Oscars: 5
Oscar Nominations: 9
BAFTA Awards: 2
BAFTA Nominations: 9
Golden Globes: 1
Golden Globe Nominations: 6",The Deer Hunter,Feature Film,Michael Cimino,,8.2,182,1978,"drama, war",197889,12/8/78,http://www.imdb.com/title/tt0077416/63,tt0020629,Thu Dec 20 20:46:57 2012,Sat Aug 31 16:48:35 2013,"*****
Oscars: 2
Oscar Nominations: 4
BAFTA Awards: N/A
BAFTA Nominations: N/A
Golden Globes: N/A
Golden Globe Nominations: N/A",All Quiet on the Western Front,Feature Film,Lewis Milestone,,8.1,136,1930,"drama, war",43258,4/21/30,http://www.imdb.com/title/tt0020629/64,tt0067116,Thu Dec 20 20:51:52 2012,Sat Aug 31 16:48:41 2013,"*****
Oscars: 5
Oscar Nominations: 8
BAFTA Awards: 2
BAFTA Nominations: 5
Golden Globes: 3
Golden Globe Nominations: 4",The French Connection,Feature Film,William Friedkin,,7.8,104,1971,"action, crime, thriller",69072,10/7/71,http://www.imdb.com/title/tt0067116/65,tt0021749,Tue Sep 10 17:30:00 2013,Thu Aug 21 21:13:01 2014,"*****

Oscars: 0
Oscar Nominations: 0
BAFTA Awards: N/A
BAFTA Nominations: N/A
Golden Globes: N/A
Golden Globe Nominations: N/A",City Lights,Feature Film,Charles Chaplin,,8.6,87,1931,"comedy, drama, romance",84740,1/30/31,http://www.imdb.com/title/tt0021749/66,tt1504320,Mon Jun  2 10:17:25 2014,Mon Jun  2 10:19:42 2014,"Oscars: 4
Oscar Nominations: 12
BAFTA Awards: 5
BAFTA Nominations: 11
Golden Globes: 1
Golden Globe Nominations: 7",The King's Speech,Feature Film,Tom Hooper,,8.1,118,2010,"biography, drama, history",396462,9/6/10,http://www.imdb.com/title/tt1504320/67,tt0025316,Thu Dec 20 20:39:39 2012,Thu Aug 21 21:15:01 2014,"*****
Oscars: 5
Oscar Nominations: 5
BAFTA Awards: N/A
BAFTA Nominations: N/A
Golden Globes: N/A
Golden Globe Nominations: N/A",It Happened One Night,Feature Film,Frank Capra,,8.2,105,1934,"comedy, romance",53228,2/22/34,http://www.imdb.com/title/tt0025316/68,tt0043924,Thu Dec 20 20:58:06 2012,Sat Aug 31 16:49:30 2013,"*****
Oscars: 6
Oscar Nominations: 9
BAFTA Awards: 0
BAFTA Nominations: 0
Golden Globes: 1
Golden Globe Nominations: 4",A Place in the Sun,Feature Film,George Stevens,,7.9,122,1951,"drama, romance",13230,8/14/51,http://www.imdb.com/title/tt0043924/69,tt0064665,Thu Dec 20 20:39:58 2012,Sat Aug 31 16:49:34 2013,"*****
Oscars: 3
Oscar Nominations: 7
BAFTA Awards: 6
BAFTA Nominations: 6
Golden Globes: 1
Golden Globe Nominations: 7",Midnight Cowboy,Feature Film,John Schlesinger,,8,113,1969,drama,67392,5/25/69,http://www.imdb.com/title/tt0064665/70,tt0031679,Thu Dec 20 20:37:40 2012,Sat Feb 16 11:26:11 2013,"Oscars: 1
Oscar Nominations: 11
BAFTA Awards: N/A
BAFTA Nominations: N/A
Golden Globes: N/A
Golden Globe Nominations: N/A",Mr. Smith Goes to Washington,Feature Film,Frank Capra,,8.3,129,1939,drama,65551,10/17/39,http://www.imdb.com/title/tt0031679/71,tt0095953,Sun Dec 23 10:49:07 2012,Wed Jul 23 16:43:34 2014,"Oscars: 4
Oscar Nominations: 8
BAFTA Awards: 0
BAFTA Nominations: 3
Golden Globes: 2
Golden Globe Nominations: 4",Rain Man,Feature Film,Barry Levinson,,8,133,1988,drama,344104,12/12/88,http://www.imdb.com/title/tt0095953/72,tt0075686,Thu Dec 20 20:38:38 2012,Thu Aug 29 09:49:16 2013,"*****
Oscars: 4
Oscar Nominations: 5
BAFTA Awards: 5
BAFTA Nominations: 6
Golden Globes: 1
Golden Globe Nominations: 5",Annie Hall,Feature Film,Woody Allen,,8.1,93,1977,"comedy, drama, romance",159570,4/20/77,http://www.imdb.com/title/tt0075686/73,tt0089755,Sun Dec 23 10:47:52 2012,Tue Oct 29 13:08:47 2013,"Oscars: 7
Oscar Nominations: 11
BAFTA Awards: 3
BAFTA Nominations: 7
Golden Globes: 3
Golden Globe Nominations: 6",Out of Africa,Feature Film,Sydney Pollack,,7.2,161,1985,"biography, drama, romance",44090,12/10/85,http://www.imdb.com/title/tt0089755/74,tt0119217,Tue Oct 29 13:07:45 2013,Tue Oct 29 13:09:00 2013,"Oscars: 2
Oscar Nominations: 9
BAFTA Awards: 0
BAFTA Nominations: 0
Golden Globes: 1
Golden Globe Nominations: 4",Good Will Hunting,Feature Film,Gus Van Sant,,8.3,126,1997,drama,493610,12/2/97,http://www.imdb.com/title/tt0119217/75,tt0086425,Sun Dec 23 11:05:20 2012,Sun Dec 23 11:16:15 2012,"Oscars: 5
Oscar Nominations: 11
BAFTA Awards: 0
BAFTA Nominations: 1
Golden Globes: 4
Golden Globe Nominations: 6",Terms of Endearment,Feature Film,James L. Brooks,,7.4,132,1983,"comedy, drama",34733,11/20/83,http://www.imdb.com/title/tt0086425/76,tt0084805,Thu Dec 20 20:49:43 2012,Sun Dec 23 10:24:27 2012,"Oscars: 1
Oscar Nominations: 10
BAFTA Awards: 2
BAFTA Nominations: 9
Golden Globes: 3
Golden Globe Nominations: 5",Tootsie,Feature Film,Sydney Pollack,,7.4,116,1982,"comedy, drama, romance",69252,12/1/82,http://www.imdb.com/title/tt0084805/77,tt0116282,Thu Dec 20 20:55:25 2012,Sun Dec 23 10:40:57 2012,"Oscars: 2
Oscar Nominations: 7
BAFTA Awards: 1
BAFTA Nominations: 6
Golden Globes: 0
Golden Globe Nominations: 4",Fargo,Feature Film,Joel Coen,,8.2,98,1996,"crime, drama, thriller",367947,3/8/96,http://www.imdb.com/title/tt0116282/78,tt0049261,Thu Dec 20 20:55:02 2012,Sat Dec 21 21:18:12 2013,"*****
Oscars: 1
Oscar Nominations: 10
BAFTA Awards: 0
BAFTA Nominations: 0
Golden Globes: 0
Golden Globe Nominations: 1",Giant,Feature Film,George Stevens,,7.7,201,1956,"drama, romance",23186,10/10/56,http://www.imdb.com/title/tt0049261/79,tt0032551,Thu Dec 20 20:33:36 2012,Sat Feb 16 11:26:29 2013,"Oscars: 2
Oscar Nominations: 7
BAFTA Awards: N/A
BAFTA Nominations: N/A
Golden Globes: N/A
Golden Globe Nominations: N/A",The Grapes of Wrath,Feature Film,John Ford,,8.2,129,1940,drama,52313,1/24/40,http://www.imdb.com/title/tt0032551/80,tt0046303,Thu Dec 20 20:51:42 2012,Sun Dec 23 10:27:22 2012,"Oscars: 1
Oscar Nominations: 6
BAFTA Awards: 0
BAFTA Nominations: 2
Golden Globes: 0
Golden Globe Nominations: 0",Shane,Feature Film,George Stevens,,7.7,118,1953,"drama, romance, western",25226,4/23/53,http://www.imdb.com/title/tt0046303/81,tt0120689,Mon Jun  2 10:17:08 2014,Mon Jun  2 10:19:40 2014,"Oscars: 0
Oscar Nominations: 4
BAFTA Awards: 0
BAFTA Nominations: 0
Golden Globes: 0
Golden Globe Nominations: 1",The Green Mile,Feature Film,Frank Darabont,,8.5,189,1999,"crime, drama, fantasy, mystery",611812,12/6/99,http://www.imdb.com/title/tt0120689/82,tt0075860,Sat May 17 20:14:32 2014,Sat May 17 20:16:16 2014,"Oscars: 1
Oscar Nominations: 8
BAFTA Awards: 0
BAFTA Nominations: 4
Golden Globes: 1
Golden Globe Nominations: 8",Close Encounters of the Third Kind,Feature Film,Steven Spielberg,,7.7,137,1977,"drama, sci_fi",121087,11/15/77,http://www.imdb.com/title/tt0075860/83,tt0074958,Thu Dec 20 20:50:50 2012,Sat Dec 22 21:22:51 2012,"Oscars: 4
Oscar Nominations: 10
BAFTA Awards: 1
BAFTA Nominations: 9
Golden Globes: 4
Golden Globe Nominations: 5",Network,Feature Film,Sidney Lumet,,8.2,121,1976,drama,85961,11/14/76,http://www.imdb.com/title/tt0074958/84,tt0073440,Sat Apr  6 10:14:07 2013,Sat Aug 31 17:15:33 2013,"*****
Oscars: 1
Oscar Nominations: 5
BAFTA Awards: 1
BAFTA Nominations: 5
Golden Globes: 1
Golden Globe Nominations: 11",Nashville,Feature Film,Robert Altman,,7.8,159,1975,"drama, music",15211,6/11/75,http://www.imdb.com/title/tt0073440/85,tt0061722,Thu Dec 20 20:30:33 2012,Sat Dec 22 09:25:39 2012,"Oscars: 1
Oscar Nominations: 7
BAFTA Awards: 5
BAFTA Nominations: 7
Golden Globes: 5
Golden Globe Nominations: 7",The Graduate,Feature Film,Mike Nichols,,8.1,106,1967,"comedy, drama, romance",184116,12/21/67,http://www.imdb.com/title/tt0061722/86,tt0069704,Thu Dec 20 20:53:15 2012,Tue Jun  3 11:41:00 2014,"*****
Oscars: 0
Oscar Nominations: 5
BAFTA Awards: 0
BAFTA Nominations: 1
Golden Globes: 2
Golden Globe Nominations: 4",American Graffiti,Feature Film,George Lucas,,7.5,110,1973,"comedy, drama",57152,8/1/73,http://www.imdb.com/title/tt0069704/87,tt0110912,Thu Dec 20 20:58:28 2012,Sun Dec 23 10:43:06 2012,"Oscars: 1
Oscar Nominations: 7
BAFTA Awards: 2
BAFTA Nominations: 8
Golden Globes: 1
Golden Globe Nominations: 6",Pulp Fiction,Feature Film,Quentin Tarantino,,8.9,154,1994,"crime, drama, thriller",1079929,5/12/94,http://www.imdb.com/title/tt0110912/88,tt0043265,Thu Dec 20 20:32:52 2012,Wed Jan 23 09:44:55 2013,"Oscars: 1
Oscar Nominations: 4
BAFTA Awards: 0
BAFTA Nominations: 3
Golden Globes: 0
Golden Globe Nominations: 0",The African Queen,Feature Film,John Huston,,8,105,1951,"adventure, romance, war",53419,12/23/51,http://www.imdb.com/title/tt0043265/89,tt0031971,Thu Dec 20 20:50:02 2012,Sat Feb 16 11:27:02 2013,"Oscars: 2
Oscar Nominations: 7
BAFTA Awards: N/A
BAFTA Nominations: N/A
Golden Globes: N/A
Golden Globe Nominations: N/A",Stagecoach,Feature Film,John Ford,,7.9,96,1939,"adventure, western",26838,2/15/39,http://www.imdb.com/title/tt0031971/90,tt0026752,Thu Dec 20 20:55:53 2012,Sat Feb 16 11:27:11 2013,"Oscars: 1
Oscar Nominations: 8
BAFTA Awards: N/A
BAFTA Nominations: N/A
Golden Globes: N/A
Golden Globe Nominations: N/A",Mutiny on the Bounty,Feature Film,Frank Lloyd,,7.8,132,1935,"adventure, drama, history",14265,11/8/35,http://www.imdb.com/title/tt0026752/91,tt0033870,Thu Dec 20 20:34:20 2012,Sat Feb 16 11:27:32 2013,"Oscars: 0
Oscar Nominations: 3
BAFTA Awards: N/A
BAFTA Nominations: N/A
Golden Globes: N/A
Golden Globe Nominations: N/A",The Maltese Falcon,Feature Film,John Huston,,8.2,100,1941,"crime, drama, film_noir, mystery",96313,10/3/41,http://www.imdb.com/title/tt0033870/92,tt0066921,Thu Dec 20 20:44:12 2012,Sat Dec 22 11:51:04 2012,"Oscars: 0
Oscar Nominations: 4
BAFTA Awards: 0
BAFTA Nominations: 7
Golden Globes: 0
Golden Globe Nominations: 3",A Clockwork Orange,Feature Film,Stanley Kubrick,,8.4,136,1971,"crime, drama, sci_fi",454216,12/19/71,http://www.imdb.com/title/tt0066921/93,tt0075314,Thu Dec 20 20:44:27 2012,Sat Dec 22 11:52:00 2012,"Oscars: 0
Oscar Nominations: 4
BAFTA Awards: 2
BAFTA Nominations: 6
Golden Globes: 0
Golden Globe Nominations: 2",Taxi Driver,Feature Film,Martin Scorsese,,8.4,113,1976,"crime, drama",412578,2/8/76,http://www.imdb.com/title/tt0075314/94,tt0032145,Thu Dec 20 20:52:28 2012,Sat Aug 31 16:33:10 2013,"*****

Oscars: 1
Oscar Nominations: 8
BAFTA Awards: N/A
BAFTA Nominations: N/A
Golden Globes: N/A
Golden Globe Nominations: N/A",Wuthering Heights,Feature Film,William Wyler,,7.8,104,1939,"drama, romance",11454,3/24/39,http://www.imdb.com/title/tt0032145/95,tt0036775,Thu Dec 20 20:40:53 2012,Wed Apr 10 14:49:44 2013,"Oscars: 0
Oscar Nominations: 7
BAFTA Awards: N/A
BAFTA Nominations: N/A
Golden Globes: N/A
Golden Globe Nominations: N/A",Double Indemnity,Feature Film,Billy Wilder,,8.4,107,1944,"crime, drama, film_noir, thriller",81355,4/24/44,http://www.imdb.com/title/tt0036775/96,tt0048545,Thu Dec 20 20:48:34 2012,Thu Aug 29 10:57:38 2013,"*****
Oscars: 0
Oscar Nominations: 3
BAFTA Awards: 0
BAFTA Nominations: 2
Golden Globes: 0
Golden Globe Nominations: 0",Rebel Without a Cause,Feature Film,Nicholas Ray,,7.8,111,1955,drama,55351,10/27/55,http://www.imdb.com/title/tt0048545/97,tt0047396,Thu Dec 20 20:42:04 2012,Sat Dec 22 11:43:53 2012,"Oscars: 0
Oscar Nominations: 4
BAFTA Awards: 0
BAFTA Nominations: 1
Golden Globes: 0
Golden Globe Nominations: 0",Rear Window,Feature Film,Alfred Hitchcock,,8.6,112,1954,"mystery, thriller",263022,8/4/54,http://www.imdb.com/title/tt0047396/98,tt0041959,Thu Dec 20 20:47:42 2012,Sat Dec 22 18:14:03 2012,"Oscars: 1
Oscar Nominations: 3
BAFTA Awards: 1
BAFTA Nominations: 2
Golden Globes: 0
Golden Globe Nominations: 0",The Third Man,Feature Film,Carol Reed,,8.3,104,1949,"film_noir, mystery, thriller",96164,8/31/49,http://www.imdb.com/title/tt0041959/99,tt0053125,Thu Dec 20 20:41:37 2012,Sat Dec 22 17:42:27 2012,"Oscars: 0
Oscar Nominations: 3
BAFTA Awards: 0
BAFTA Nominations: 0
Golden Globes: 0
Golden Globe Nominations: 0",North by Northwest,Feature Film,Alfred Hitchcock,,8.4,136,1959,"adventure, mystery, thriller",187832,7/17/59,http://www.imdb.com/title/tt0053125/100,tt0035575,Sat Apr  6 10:16:15 2013,Sat May 17 20:15:28 2014,"Oscars: 3
Oscar Nominations: 8
BAFTA Awards: 0
BAFTA Nominations: 0
Golden Globes: 0
Golden Globe Nominations: 0",Yankee Doodle Dandy,Feature Film,Michael Curtiz,,7.8,126,1942,"biography, drama, musical",9770,5/29/42,http://www.imdb.com/title/tt0035575/